Oracle is a registered trademark of Oracle Corporation and/or its
affiliates. Other names may be trademarks of their respective
owners.

Type 'help;' or '\h' for help. Type '\c' to clear the current input statement.

mysql> show databases;
+--------------------+
| Database           |
+--------------------+
| airlines           |
| bank               |
| bankdb             |
| college            |
| college_new        |
| collegedemo        |
| collegedemos       |
| collegedemos1      |
| db                 |
| employee           |
| information_schema |
| mysql              |
| new                |
| p1                 |
| pd1                |
| performance_schema |
| post               |
| student_db         |
| sys                |
+--------------------+
19 rows in set (0.03 sec)

mysql> use collegedemos;
Database changed
mysql> select * from stud;
+--------+----------+---------+
| rollno | name     | address |
+--------+----------+---------+
|    101 | prajakta | pune    |
|    102 | pooja    | pune    |
+--------+----------+---------+
2 rows in set (0.00 sec)

mysql> use collegedemos1;
Database changed
mysql> select * from stud;
+--------+----------+---------+
| rollno | name     | address |
+--------+----------+---------+
|    101 | Prajakta | Pune    |
|    102 | Pranat   | pune    |
|    103 | Pooja    | Pune    |
+--------+----------+---------+
3 rows in set (0.00 sec)

mysql> commit;
Query OK, 0 rows affected (0.00 sec)

mysql> select * from stud;
+--------+----------+---------+
| rollno | name     | address |
+--------+----------+---------+
|    101 | Prajakta | Pune    |
|    102 | Pranat   | pune    |
+--------+----------+---------+
2 rows in set (0.00 sec)

mysql>
